﻿<?xml version="1.0" encoding="utf-8"?>
<ArrayOfProtokollJodkontrast xmlns:xsi="http://www.w3.org/2001/XMLSchema-instance" xmlns:xsd="http://www.w3.org/2001/XMLSchema">
  <ProtokollJodkontrast>
    <ID>1</ID>
    <ProtokollNamn>Buköversikt 120kV</ProtokollNamn>
    <JodKoncentration>350</JodKoncentration>
    <DosPerKg>500</DosPerKg>
    <Injektionstid>30</Injektionstid>
    <MaxVikt>80</MaxVikt>
    <Anteckningar>70s fördröjning, Max 80kg på kvinnor</Anteckningar>
  </ProtokollJodkontrast>
  <ProtokollJodkontrast>
    <ID>2</ID>
    <ProtokollNamn>Buköversikt 80kV</ProtokollNamn>
    <JodKoncentration>350</JodKoncentration>
    <DosPerKg>300</DosPerKg>
    <Injektionstid>30</Injektionstid>
    <MaxVikt>80</MaxVikt>
    <Anteckningar>70s fördröjning, Max 80kg på kvinnor</Anteckningar>
  </ProtokollJodkontrast>
  <ProtokollJodkontrast>
    <ID>3</ID>
    <ProtokollNamn>Thorax</ProtokollNamn>
    <JodKoncentration>350</JodKoncentration>
    <DosPerKg>375</DosPerKg>
    <Injektionstid>30</Injektionstid>
    <MaxVikt>80</MaxVikt>
    <Anteckningar>35s fördröjning, Max 80kg på kvinnor</Anteckningar>
  </ProtokollJodkontrast>
  <ProtokollJodkontrast>
    <ID>4</ID>
    <ProtokollNamn>Lungemboli 120kV</ProtokollNamn>
    <JodKoncentration>350</JodKoncentration>
    <DosPerKg>320</DosPerKg>
    <Injektionstid>12</Injektionstid>
    <MaxVikt>80</MaxVikt>
    <Anteckningar>Smartprep, Max 80kg på kvinnor</Anteckningar>
  </ProtokollJodkontrast>
  <ProtokollJodkontrast>
    <ID>5</ID>
    <ProtokollNamn>Lungemboli 100kV</ProtokollNamn>
    <JodKoncentration>350</JodKoncentration>
    <DosPerKg>300</DosPerKg>
    <Injektionstid>12</Injektionstid>
    <MaxVikt>80</MaxVikt>
    <Anteckningar>Smartprep, Max 80kg på kvinnor</Anteckningar>
  </ProtokollJodkontrast>
  <ProtokollJodkontrast>
    <ID>6</ID>
    <ProtokollNamn>Lungemboli 80kV</ProtokollNamn>
    <JodKoncentration>350</JodKoncentration>
    <DosPerKg>200</DosPerKg>
    <Injektionstid>12</Injektionstid>
    <MaxVikt>80</MaxVikt>
    <Anteckningar>Smartprep, Max 80kg på kvinnor</Anteckningar>
  </ProtokollJodkontrast>
  <ProtokollJodkontrast>
    <ID>7</ID>
    <ProtokollNamn>Lever Fyrfas</ProtokollNamn>
    <JodKoncentration>350</JodKoncentration>
    <DosPerKg>500</DosPerKg>
    <Injektionstid>25</Injektionstid>
    <MaxVikt>80</MaxVikt>
    <Anteckningar>Smartprep, venfas 30s, Max 80kg på kvinnor</Anteckningar>
  </ProtokollJodkontrast>
  <ProtokollJodkontrast>
    <ID>8</ID>
    <ProtokollNamn>Pancreas</ProtokollNamn>
    <JodKoncentration>350</JodKoncentration>
    <DosPerKg>600</DosPerKg>
    <Injektionstid>25</Injektionstid>
    <MaxVikt>80</MaxVikt>
    <Anteckningar>Smartprep, venfas 30s, Max 80kg på kvinnor</Anteckningar>
  </ProtokollJodkontrast>
  <ProtokollJodkontrast>
    <ID>9</ID>
    <ProtokollNamn>Njurar Fyrfas</ProtokollNamn>
    <JodKoncentration>350</JodKoncentration>
    <DosPerKg>400</DosPerKg>
    <Injektionstid>25</Injektionstid>
    <MaxVikt>80</MaxVikt>
    <Anteckningar>Smartprep, venfas 45s, utsöndringsfas 480s, Max 80kg på kvinnor</Anteckningar>
  </ProtokollJodkontrast>
  <ProtokollJodkontrast>
    <ID>10</ID>
    <ProtokollNamn>test</ProtokollNamn>
    <JodKoncentration>350</JodKoncentration>
    <DosPerKg>350</DosPerKg>
    <Injektionstid>21</Injektionstid>
    <MaxVikt>80</MaxVikt>
    <Anteckningar>Använd inte denna har den bara som test/Henrik</Anteckningar>
  </ProtokollJodkontrast>
  <ProtokollJodkontrast>
    <ID>11</ID>
    <ProtokollNamn>Lungemboli 100kV -40år/Gravida</ProtokollNamn>
    <JodKoncentration>350</JodKoncentration>
    <DosPerKg>500</DosPerKg>
    <Injektionstid>17</Injektionstid>
    <MaxVikt>80</MaxVikt>
    <Anteckningar>Ulf Nymans protokoll ej testat här, blir som ni ser riktigt mycket kontrast med höghastighet. Kan vara rimligt för denna strålkänsliga men oftast ej jod känsliga patient grupp./Henrik 120903</Anteckningar>
  </ProtokollJodkontrast>
</ArrayOfProtokollJodkontrast>