﻿<?xml version="1.0" encoding="utf-8"?>
<ArrayOfGdKontrast xmlns:xsi="http://www.w3.org/2001/XMLSchema-instance" xmlns:xsd="http://www.w3.org/2001/XMLSchema">
  <GdKontrast>
    <ID>0</ID>
    <GdNamn>Dotarem 279,3 mg/ml</GdNamn>
    <DosPerKg>0.2</DosPerKg>
    <GdRiskNivå>2</GdRiskNivå>
    <gdförpackning>
      <GdFörpackning>
        <förpackningsID>0</förpackningsID>
        <mängd>10</mängd>
        <lägstados>1</lägstados>
        <högstados>12.49</högstados>
      </GdFörpackning>
      <GdFörpackning>
        <förpackningsID>1</förpackningsID>
        <mängd>15</mängd>
        <lägstados>12.5</lägstados>
        <högstados>16.49</högstados>
      </GdFörpackning>
      <GdFörpackning>
        <förpackningsID>2</förpackningsID>
        <mängd>20</mängd>
        <lägstados>16.5</lägstados>
        <högstados>50</högstados>
      </GdFörpackning>
    </gdförpackning>
    <Anteckningar>Test</Anteckningar>
  </GdKontrast>
  <GdKontrast>
    <ID>1</ID>
    <GdNamn>Primovist 0,25 mmol/ml</GdNamn>
    <DosPerKg>0.1</DosPerKg>
    <GdRiskNivå>1</GdRiskNivå>
    <gdförpackning>
      <GdFörpackning>
        <förpackningsID>0</förpackningsID>
        <mängd>10</mängd>
        <lägstados>1</lägstados>
        <högstados>50</högstados>
      </GdFörpackning>
    </gdförpackning>
    <Anteckningar>Test</Anteckningar>
  </GdKontrast>
</ArrayOfGdKontrast>