﻿<?xml version="1.0" encoding="utf-8"?>
<ArrayOfPVK xmlns:xsi="http://www.w3.org/2001/XMLSchema-instance" xmlns:xsd="http://www.w3.org/2001/XMLSchema">
  <PVK>
    <PVKID>0</PVKID>
    <namn>BD Venflon Pro Safety</namn>
    <storlek>
      <PVKstorlek>
        <storleksID>0</storleksID>
        <färg>Blå</färg>
        <g>22</g>
        <ytterdiameter>0.9</ytterdiameter>
        <maxflöde>2.5</maxflöde>
      </PVKstorlek>
      <PVKstorlek>
        <storleksID>1</storleksID>
        <färg>Rosa</färg>
        <g>20</g>
        <ytterdiameter>1.1</ytterdiameter>
        <maxflöde>3.5</maxflöde>
      </PVKstorlek>
      <PVKstorlek>
        <storleksID>2</storleksID>
        <färg>Grön</färg>
        <g>18</g>
        <ytterdiameter>1.3</ytterdiameter>
        <maxflöde>6.0</maxflöde>
      </PVKstorlek>
      <PVKstorlek>
        <storleksID>3</storleksID>
        <färg>Vit</färg>
        <g>17</g>
        <ytterdiameter>1.5</ytterdiameter>
        <maxflöde>7.0</maxflöde>
      </PVKstorlek>
      <PVKstorlek>
        <storleksID>4</storleksID>
        <färg>Grå</färg>
        <g>16</g>
        <ytterdiameter>1.8</ytterdiameter>
        <maxflöde>8.0</maxflöde>
      </PVKstorlek>
      <PVKstorlek>
        <storleksID>5</storleksID>
        <färg>Orange</färg>
        <g>14</g>
        <ytterdiameter>2</ytterdiameter>
        <maxflöde>9.0</maxflöde>
      </PVKstorlek>
    </storlek>
  </PVK>
  <PVK>
    <PVKID>1</PVKID>
    <namn>BD Nexiva</namn>
    <storlek>
      <PVKstorlek>
        <storleksID>0</storleksID>
        <färg>Gul</färg>
        <g>24</g>
        <ytterdiameter>0.71</ytterdiameter>
        <maxflöde>1.5</maxflöde>
      </PVKstorlek>
      <PVKstorlek>
        <storleksID>1</storleksID>
        <färg>Blå</färg>
        <g>22</g>
        <ytterdiameter>0.9</ytterdiameter>
        <maxflöde>2.5</maxflöde>
      </PVKstorlek>
      <PVKstorlek>
        <storleksID>3</storleksID>
        <färg>Rosa</färg>
        <g>20</g>
        <ytterdiameter>1.1</ytterdiameter>
        <maxflöde>3.5</maxflöde>
      </PVKstorlek>
      <PVKstorlek>
        <storleksID>4</storleksID>
        <färg>Grön</färg>
        <g>18</g>
        <ytterdiameter>1.31</ytterdiameter>
        <maxflöde>6.0</maxflöde>
      </PVKstorlek>
    </storlek>
  </PVK>
  <PVK>
    <PVKID>2</PVKID>
    <namn>BD Nexiva Diffusics</namn>
    <storlek>
      <PVKstorlek>
        <storleksID>0</storleksID>
        <färg>Gul</färg>
        <g>24</g>
        <ytterdiameter>0.7</ytterdiameter>
        <maxflöde>3.0</maxflöde>
      </PVKstorlek>
      <PVKstorlek>
        <storleksID>1</storleksID>
        <färg>Blå</färg>
        <g>22</g>
        <ytterdiameter>0.9</ytterdiameter>
        <maxflöde>6.5</maxflöde>
      </PVKstorlek>
      <PVKstorlek>
        <storleksID>3</storleksID>
        <färg>Rosa</färg>
        <g>20</g>
        <ytterdiameter>1.1</ytterdiameter>
        <maxflöde>7.5</maxflöde>
      </PVKstorlek>
    </storlek>
  </PVK>
</ArrayOfPVK>